{"loss": 0.025279782125270427, "accuracy": 1.0, "_timestamp": 1670702198.5234568, "_runtime": 127.04644274711609, "_step": 1999, "_wandb": {"runtime": 21}}